file name,start offset,end offset,dish name
datasets/Set_J_TEST/review-076.txt,599,630,cheese and pickles
datasets/Set_J_TEST/review-077.txt,770,792,gujeolpan
datasets/Set_J_TEST/review-077.txt,1003,1024,pancakes
datasets/Set_J_TEST/review-077.txt,1460,1479,Wagyu 
datasets/Set_J_TEST/review-077.txt,1850,1871,bibimbap
datasets/Set_J_TEST/review-077.txt,1926,1961,bulgogi jungol for two
datasets/Set_J_TEST/review-078.txt,957,990,gently stuffed tacos
datasets/Set_J_TEST/review-078.txt,1003,1057,taquitos dorados striped with salsa verde
datasets/Set_J_TEST/review-078.txt,1070,1095,grilled corn
datasets/Set_J_TEST/review-078.txt,1205,1225,gordita
datasets/Set_J_TEST/review-078.txt,1493,1527,Ricardo’s guacamole
datasets/Set_J_TEST/review-079.txt,342,373,house-ground balls
datasets/Set_J_TEST/review-079.txt,461,478,beef
datasets/Set_J_TEST/review-079.txt,518,538,chicken
datasets/Set_J_TEST/review-079.txt,576,595,salmon
datasets/Set_J_TEST/review-079.txt,619,636,lamb
datasets/Set_J_TEST/review-079.txt,729,767,cherry-pepper-spiked pork
datasets/Set_J_TEST/review-079.txt,917,955,mushroomy vegetable balls
datasets/Set_J_TEST/review-079.txt,1081,1102,sandwich
datasets/Set_J_TEST/review-079.txt,1138,1175,soft brioche “smash”
datasets/Set_J_TEST/review-079.txt,1185,1205,sliders
datasets/Set_J_TEST/review-079.txt,1226,1259,crusty baguette hero
datasets/Set_J_TEST/review-079.txt,1284,1314,pasty white beans
datasets/Set_J_TEST/review-079.txt,1328,1349,broccoli
datasets/Set_J_TEST/review-079.txt,1367,1387,polenta
datasets/Set_J_TEST/review-079.txt,1417,1452,baby arugula and apple
datasets/Set_J_TEST/review-079.txt,1622,1655,ice cream sandwiches
datasets/Set_J_TEST/review-080.txt,364,381,beef
datasets/Set_J_TEST/review-080.txt,1145,1163,steak
datasets/Set_J_TEST/review-080.txt,1334,1368,wet-aged filet mignon
datasets/Set_J_TEST/review-080.txt,1824,1848,pork slices
datasets/Set_J_TEST/review-080.txt,1856,1884,beef short ribs
datasets/Set_J_TEST/review-080.txt,1954,1978,oxtail soup
datasets/Set_J_TEST/review-080.txt,2004,2023,burger
datasets/Set_J_TEST/review-080.txt,2134,2156,fried egg
datasets/Set_J_TEST/review-080.txt,2285,2308,lamb chops
datasets/Set_J_TEST/review-080.txt,2339,2375,plain grilled asparagus
datasets/Set_J_TEST/review-080.txt,2447,2481,king oyster mushrooms
datasets/Set_J_TEST/review-080.txt,2761,2788,scallion salad
datasets/Set_J_TEST/review-080.txt,2956,2986,crisp steak fries
datasets/Set_J_TEST/review-081.txt,697,725,cochinita pibil
datasets/Set_J_TEST/review-081.txt,1522,1563,flan soaked in caramel syrup
datasets/Set_J_TEST/review-082.txt,1504,1533,chocolate mousse
datasets/Set_J_TEST/review-082.txt,1816,1850,chilled roasted leeks
datasets/Set_J_TEST/review-082.txt,2059,2084,Chicken soup
datasets/Set_J_TEST/review-082.txt,2392,2438,beefy-red roasted veal tenderloin
datasets/Set_J_TEST/review-082.txt,2678,2714,pâté of pork and duck
datasets/Set_J_TEST/review-082.txt,2859,2895,double-barreled ravioli
datasets/Set_J_TEST/review-082.txt,3292,3316,poached egg
datasets/Set_J_TEST/review-082.txt,3326,3355,oeuf en meurette
datasets/Set_J_TEST/review-082.txt,3558,3595,poulet rôti grand-mère
datasets/Set_J_TEST/review-082.txt,3824,3848,potato tart
datasets/Set_J_TEST/review-082.txt,4122,4144,pork chop
datasets/Set_J_TEST/review-082.txt,4332,4371,duck à l’orange for two
datasets/Set_J_TEST/review-082.txt,4501,4532,sliced duck breast
datasets/Set_J_TEST/review-082.txt,4959,4995,dark-chocolate soufflé
datasets/Set_J_TEST/review-082.txt,5108,5132,Paris-Brest
datasets/Set_J_TEST/review-082.txt,5238,5276,caramelized mille-feuille
datasets/Set_J_TEST/review-082.txt,5368,5404,crème fraîche custard
datasets/Set_J_TEST/review-082.txt,5439,5467,crème brûlée
datasets/Set_J_TEST/review-082.txt,5589,5617,Belgian waffles
datasets/Set_J_TEST/review-082.txt,6093,6117,egg noodles
datasets/Set_J_TEST/review-082.txt,6137,6167,boeuf bourguignon
datasets/Set_J_TEST/review-082.txt,6304,6334,trout Grenobloise
datasets/Set_J_TEST/review-083.txt,1571,1589,kottu
datasets/Set_J_TEST/review-083.txt,2413,2439,Crispy prawns
datasets/Set_J_TEST/review-083.txt,3004,3033,disks of lentils
datasets/Set_J_TEST/review-083.txt,3051,3075,ground beef
datasets/Set_J_TEST/review-083.txt,3115,3145,salmon “cutlets
datasets/Set_J_TEST/review-083.txt,3200,3221,Calamari
datasets/Set_J_TEST/review-083.txt,3783,3806,watalappan
datasets/Set_J_TEST/review-084.txt,1103,1156,springtime-sweet bowl of minted pea soup
datasets/Set_J_TEST/review-084.txt,1264,1290,bouillabaisse
datasets/Set_J_TEST/review-084.txt,1580,1614,fried zucchini flower
datasets/Set_J_TEST/review-084.txt,1802,1838,slab of octopus terrine
datasets/Set_J_TEST/review-084.txt,4590,4620,sea buckthorn jam
datasets/Set_J_TEST/review-084.txt,4648,4692,potato salad with the schnitzel
datasets/Set_J_TEST/review-084.txt,4866,4941,caramelized milk bread with berries and brown-butter ice cream
datasets/Set_J_TEST/review-084.txt,5371,5408,flat-footed key lime pie
datasets/Set_J_TEST/review-084.txt,5449,5503,poached fruit in a moat of sparkling wine
datasets/Set_J_TEST/review-084.txt,5692,5725,several goat cheeses
datasets/Set_J_TEST/review-084.txt,6401,6423,lamb chop
datasets/Set_J_TEST/review-085.txt,2781,2809,branzino fillet
datasets/Set_J_TEST/review-085.txt,3397,3418,branzino
datasets/Set_J_TEST/review-085.txt,3474,3498,langoustine
datasets/Set_J_TEST/review-085.txt,3559,3591,seared sea scallops
datasets/Set_J_TEST/review-085.txt,3643,3677,Shaved black truffles
datasets/Set_J_TEST/review-085.txt,3852,3877,baby octopus
datasets/Set_J_TEST/review-085.txt,3941,3961,polenta
datasets/Set_J_TEST/review-085.txt,4001,4019,Pasta
datasets/Set_J_TEST/review-085.txt,4048,4071,Lasagnetta
datasets/Set_J_TEST/review-085.txt,4239,4259,lasagna
datasets/Set_J_TEST/review-085.txt,4368,4416,Spaghetti and shaved dried tuna roe
datasets/Set_J_TEST/review-085.txt,4516,4545,green tagliolini
datasets/Set_J_TEST/review-085.txt,5115,5149,rice in black risotto
datasets/Set_J_TEST/review-085.txt,5259,5285,chop Milanese
datasets/Set_J_TEST/review-085.txt,5457,5479,bomboloni
datasets/Set_J_TEST/review-085.txt,5642,5663,fondente
datasets/Set_J_TEST/review-085.txt,5799,5823,panna cotta
datasets/Set_J_TEST/review-085.txt,5880,5898,salad
datasets/Set_J_TEST/review-086.txt,3524,3553,vibrant tzatziki
datasets/Set_J_TEST/review-086.txt,3558,3590,creamy taramosalata
datasets/Set_J_TEST/review-086.txt,3746,3777,Kefi’s meatballs
datasets/Set_J_TEST/review-086.txt,3984,4009,potato salad
datasets/Set_J_TEST/review-086.txt,4194,4214,octopus
datasets/Set_J_TEST/review-086.txt,4344,4371,fried calamari
datasets/Set_J_TEST/review-086.txt,4660,4686,tubular pasta
datasets/Set_J_TEST/review-086.txt,4854,4889,sheep’s milk ravioli
datasets/Set_J_TEST/review-086.txt,5194,5225,braised lamb shank
datasets/Set_J_TEST/review-086.txt,5416,5467,honeyed pastry with orange spoon fruit
datasets/Set_J_TEST/review-086.txt,5492,5521,chocolate mousse
datasets/Set_J_TEST/review-086.txt,6450,6477,Mix of spreads
datasets/Set_J_TEST/review-086.txt,6479,6509,warm potato salad
datasets/Set_J_TEST/review-086.txt,6511,6533,meatballs
datasets/Set_J_TEST/review-086.txt,6535,6570,flat pasta with rabbit
datasets/Set_J_TEST/review-086.txt,6572,6611,tubular pasta with sausage
datasets/Set_J_TEST/review-086.txt,6613,6643,Kefi mac & cheese
datasets/Set_J_TEST/review-086.txt,6645,6668,lamb shank
datasets/Set_J_TEST/review-086.txt,6670,6721,galaktobouriko with orange spoon fruit
datasets/Set_J_TEST/review-086.txt,6723,6771,chocolate mousse with sesame sorbet
datasets/Set_J_TEST/review-087.txt,2796,2819,cacciatore
datasets/Set_J_TEST/review-087.txt,2847,2871,Bayonne ham
datasets/Set_J_TEST/review-087.txt,2957,2987,foie gras terrine
datasets/Set_J_TEST/review-087.txt,3407,3435,tête de cochon
datasets/Set_J_TEST/review-087.txt,3693,3722,codfish fritters
datasets/Set_J_TEST/review-087.txt,3930,3960,fish ’n’ meat
datasets/Set_J_TEST/review-087.txt,4487,4609,"peppery wild arugula<.dish>, with kumquats, mint, lemon, hazelnuts and a few shavings of <dish>ricotta salata"
datasets/Set_J_TEST/review-087.txt,4678,4705,duck carpaccio
datasets/Set_J_TEST/review-087.txt,4721,4754,chicken liver mousse
datasets/Set_J_TEST/review-087.txt,4803,4826,Pork belly
datasets/Set_J_TEST/review-087.txt,4959,4985,romesco sauce
datasets/Set_J_TEST/review-087.txt,5094,5129,sweetbread fried crisp
datasets/Set_J_TEST/review-087.txt,5372,5396,ocean trout
datasets/Set_J_TEST/review-087.txt,5644,5676,golden baby chicken
datasets/Set_J_TEST/review-087.txt,5898,5926,roasted scallop
datasets/Set_J_TEST/review-087.txt,5952,5979,braised oxtail
datasets/Set_J_TEST/review-087.txt,6185,6220,roasted apple napoleon
datasets/Set_J_TEST/review-087.txt,6293,6328,deconstructed s’more
datasets/Set_J_TEST/review-088.txt,510,555,red sausage roasted in dark beer
datasets/Set_J_TEST/review-088.txt,561,596,sourdough rye in slabs
datasets/Set_J_TEST/review-088.txt,673,697,chuck roast
datasets/Set_J_TEST/review-088.txt,2136,2160,red cabbage
datasets/Set_J_TEST/review-088.txt,2327,2348,Muenster
datasets/Set_J_TEST/review-088.txt,2846,2889,schnitzel with golden crevices
datasets/Set_J_TEST/review-088.txt,2903,2935,paprika-shy goulash
datasets/Set_J_TEST/review-088.txt,2955,2983,potato pancakes
datasets/Set_J_TEST/review-088.txt,3361,3387,apple strudel
datasets/Set_J_TEST/review-089.txt,178,207,lamb and chicken
datasets/Set_J_TEST/review-089.txt,1393,1410,lamb
datasets/Set_J_TEST/review-089.txt,1504,1524,chicken
datasets/Set_J_TEST/review-089.txt,1542,1562,falafel
datasets/Set_J_TEST/review-089.txt,1790,1807,rice
datasets/Set_J_TEST/review-089.txt,2026,2049,Sandwiches
datasets/Set_J_TEST/review-089.txt,2375,2393,kufta
datasets/Set_J_TEST/review-089.txt,2493,2514,basbousa
datasets/Set_J_TEST/review-089.txt,2518,2544,semolina cake
datasets/Set_J_TEST/review-089.txt,3170,3194,white sauce
datasets/Set_J_TEST/review-090.txt,112,130,steak
datasets/Set_J_TEST/review-090.txt,595,618,meat sushi
datasets/Set_J_TEST/review-090.txt,745,791,Raw tripe with a spicy miso sauce
datasets/Set_J_TEST/review-090.txt,859,909,flash-boiled shredded Achilles tendon
datasets/Set_J_TEST/review-090.txt,1055,1083,Cubed raw liver
datasets/Set_J_TEST/review-090.txt,2066,2097,thin rib-eye steak
datasets/Set_J_TEST/review-090.txt,2145,2173,fingers of meat
datasets/Set_J_TEST/review-090.txt,2211,2247,meat from the short rib
datasets/Set_J_TEST/review-090.txt,2249,2273,skirt steak
datasets/Set_J_TEST/review-090.txt,2275,2303,smiles of cheek
datasets/Set_J_TEST/review-090.txt,2315,2339,sweetbreads
datasets/Set_J_TEST/review-090.txt,2389,2415,sliced tongue
datasets/Set_J_TEST/review-090.txt,2417,2470,accordion files of stomach and intestine
datasets/Set_J_TEST/review-090.txt,2478,2512,crimson bits of heart
datasets/Set_J_TEST/review-090.txt,5197,5217,rib-eye
datasets/Set_J_TEST/review-090.txt,5221,5239,skirt
datasets/Set_J_TEST/review-090.txt,5536,5573,marinated grilled tongue
datasets/Set_J_TEST/review-090.txt,6036,6067,soft-serve vanilla
datasets/Set_J_TEST/review-091.txt,2049,2082,frilly oyster plates
datasets/Set_J_TEST/review-091.txt,3840,3867,lamb carpaccio
datasets/Set_J_TEST/review-091.txt,4680,4699,crepes
datasets/Set_J_TEST/review-091.txt,4922,4948,bouillabaisse
datasets/Set_J_TEST/review-091.txt,5183,5213,duck heart kebabs
datasets/Set_J_TEST/review-091.txt,5253,5291,frisée and lardons salad
datasets/Set_J_TEST/review-091.txt,5540,5564,Baked clams
datasets/Set_J_TEST/review-091.txt,5673,5701,trout meunière
datasets/Set_J_TEST/review-092.txt,175,202,fried mollusks
datasets/Set_J_TEST/review-092.txt,981,1005,potato roll
datasets/Set_J_TEST/review-092.txt,1233,1259,crab beignets
datasets/Set_J_TEST/review-092.txt,1316,1339,quesadilla
datasets/Set_J_TEST/review-092.txt,1383,1410,mac and cheese
datasets/Set_J_TEST/review-092.txt,2210,2229,pâté
datasets/Set_J_TEST/review-092.txt,3620,3644,fried clams
datasets/Set_J_TEST/review-092.txt,3789,3811,crab cake
datasets/Set_J_TEST/review-092.txt,3824,3846,steam pot
datasets/Set_J_TEST/review-092.txt,4085,4110,lobster roll
datasets/Set_J_TEST/review-093.txt,874,900,gyuma ngoe ma
datasets/Set_J_TEST/review-093.txt,939,973,shoko sil sil ngoe ma
datasets/Set_J_TEST/review-093.txt,1093,1113,laphing
datasets/Set_J_TEST/review-093.txt,1710,1738,tsak sha la kor
datasets/Set_J_TEST/review-093.txt,1973,1999,Beef thenthuk
datasets/Set_J_TEST/review-093.txt,2247,2274,soup dumplings
datasets/Set_J_TEST/review-093.txt,2390,2409,Tingmo
datasets/Set_J_TEST/review-093.txt,2834,2857,fried rice
datasets/Set_J_TEST/review-093.txt,2861,2881,lo mein
datasets/Set_J_TEST/review-093.txt,2998,3031,dofu khatse ngoen ma
datasets/Set_J_TEST/review-093.txt,3084,3116,phaksha solo goenpo
datasets/Set_J_TEST/review-093.txt,3485,3508,butter tea
datasets/Set_J_TEST/review-094.txt,102,124,scrumpets
datasets/Set_J_TEST/review-094.txt,215,238,Scotch egg
datasets/Set_J_TEST/review-094.txt,335,358,onion soup
datasets/Set_J_TEST/review-094.txt,450,480,fried head cheese
datasets/Set_J_TEST/review-094.txt,539,583,deep-fried stuffed pig’s foot
datasets/Set_J_TEST/review-094.txt,696,723,toffee pudding
datasets/Set_J_TEST/review-094.txt,751,773,Eton mess
datasets/Set_J_TEST/review-094.txt,832,851,eggnog
datasets/Set_J_TEST/review-094.txt,1617,1638,pancakes
datasets/Set_J_TEST/review-094.txt,3132,3158,smoked salmon
datasets/Set_J_TEST/review-094.txt,3224,3251,terrine boards
datasets/Set_J_TEST/review-094.txt,3256,3279,piccalilli
datasets/Set_J_TEST/review-094.txt,3353,3372,Caesar
datasets/Set_J_TEST/review-094.txt,3401,3430,anchovy croutons
datasets/Set_J_TEST/review-094.txt,3450,3474,mussel soup
datasets/Set_J_TEST/review-094.txt,4097,4122,pig’s foot
datasets/Set_J_TEST/review-094.txt,4291,4312,sea bass
datasets/Set_J_TEST/review-094.txt,5038,5062,lamb burger
datasets/Set_J_TEST/review-094.txt,5315,5352,skate and potato terrine
datasets/Set_J_TEST/review-094.txt,5494,5519,baby chicken
datasets/Set_J_TEST/review-094.txt,5593,5615,beef shin
datasets/Set_J_TEST/review-094.txt,6019,6042,onion soup
datasets/Set_J_TEST/review-094.txt,6076,6100,beef burger
datasets/Set_J_TEST/review-094.txt,6105,6123,fries
datasets/Set_J_TEST/review-094.txt,6145,6170,Porkslap ale
datasets/Set_J_TEST/review-095.txt,286,307,linguine
datasets/Set_J_TEST/review-095.txt,309,331,veal parm
datasets/Set_J_TEST/review-095.txt,336,354,clams
datasets/Set_J_TEST/review-095.txt,399,425,fried chicken
datasets/Set_J_TEST/review-095.txt,427,455,pedigreed pizza
datasets/Set_J_TEST/review-095.txt,465,490,Narragansett
datasets/Set_J_TEST/review-095.txt,492,510,tacos
datasets/Set_J_TEST/review-095.txt,630,663,skewered beef hearts
datasets/Set_J_TEST/review-095.txt,720,747,rocoto peppers
datasets/Set_J_TEST/review-095.txt,758,780,goat neck
datasets/Set_J_TEST/review-095.txt,1076,1102,fluke ceviche
datasets/Set_J_TEST/review-095.txt,1235,1262,green plantain
datasets/Set_J_TEST/review-095.txt,1570,1591,tiradito
datasets/Set_J_TEST/review-095.txt,3637,3681,good beet and goat cheese salad
datasets/Set_J_TEST/review-095.txt,3924,3949,quinoa salad
datasets/Set_J_TEST/review-095.txt,4070,4096,whole chicken
datasets/Set_J_TEST/review-095.txt,4384,4416,fried potato wedges
datasets/Set_J_TEST/review-095.txt,4992,5017,lomo saltado
datasets/Set_J_TEST/review-095.txt,5182,5220,crisp-edge scallion crepe
datasets/Set_J_TEST/review-095.txt,5389,5411,picarones
datasets/Set_J_TEST/review-096.txt,2188,2220,White ayocote beans
datasets/Set_J_TEST/review-096.txt,2238,2262,cannellinis
datasets/Set_J_TEST/review-096.txt,2470,2490,hamachi
datasets/Set_J_TEST/review-096.txt,2700,2722,"
Scallops"
datasets/Set_J_TEST/review-096.txt,2727,2754,poached jicama
datasets/Set_J_TEST/review-096.txt,2896,2918,aguachile
datasets/Set_J_TEST/review-096.txt,3269,3297,tacos al pastor
datasets/Set_J_TEST/review-096.txt,6089,6121,eggplant-lard tamal
datasets/Set_J_TEST/review-096.txt,6201,6230,cracked meringue
datasets/Set_J_TEST/review-096.txt,6448,6476,fried pork skin
datasets/Set_J_TEST/review-096.txt,6635,6661,duck carnitas
datasets/Set_J_TEST/review-096.txt,6769,6789,lobster
datasets/Set_J_TEST/review-096.txt,6826,6876,fresh chorizo and refried black beans
datasets/Set_J_TEST/review-097.txt,1181,1199,gumbo
datasets/Set_J_TEST/review-097.txt,1948,1982,shrimp and blue crabs
datasets/Set_J_TEST/review-097.txt,2329,2355,A vegan gumbo
datasets/Set_J_TEST/review-097.txt,2997,3026,giant sandwiches
datasets/Set_J_TEST/review-097.txt,3431,3456,fried shrimp
datasets/Set_J_TEST/review-097.txt,3461,3481,catfish
datasets/Set_J_TEST/review-097.txt,3879,3944,greens smoky-sweet from courting ham hocks and bacon
datasets/Set_J_TEST/review-097.txt,3950,3983,fried green tomatoes
datasets/Set_J_TEST/review-097.txt,4047,4078,Cajun potato salad
datasets/Set_J_TEST/review-097.txt,4228,4264,tiny bourbon pecan pies
datasets/Set_J_TEST/review-097.txt,4308,4329,Beignets
datasets/Set_J_TEST/review-098.txt,1404,1431,spiny lobsters
datasets/Set_J_TEST/review-098.txt,1694,1718,red snapper
datasets/Set_J_TEST/review-098.txt,1720,1744,bigeye tuna
datasets/Set_J_TEST/review-098.txt,1749,1776,black sea bass
datasets/Set_J_TEST/review-098.txt,2150,2171,rascasse
datasets/Set_J_TEST/review-098.txt,2176,2202,scorpion fish
datasets/Set_J_TEST/review-098.txt,2248,2274,bouillabaisse
datasets/Set_J_TEST/review-098.txt,2276,2296,lavraki
datasets/Set_J_TEST/review-098.txt,2301,2322,branzino
datasets/Set_J_TEST/review-098.txt,2367,2388,barbouni
datasets/Set_J_TEST/review-098.txt,2393,2416,red mullet
datasets/Set_J_TEST/review-098.txt,2511,2533,shellfish
datasets/Set_J_TEST/review-098.txt,2565,2590,langoustines
datasets/Set_J_TEST/review-098.txt,2592,2619,spiny lobsters
datasets/Set_J_TEST/review-098.txt,2634,2658,leg of lamb
datasets/Set_J_TEST/review-098.txt,2732,2758,live scallops
datasets/Set_J_TEST/review-098.txt,2896,2921,carabineiros
datasets/Set_J_TEST/review-098.txt,2946,2969,red shrimp
datasets/Set_J_TEST/review-098.txt,3625,3646,Barbouni
datasets/Set_J_TEST/review-098.txt,4196,4221,French fries
datasets/Set_J_TEST/review-098.txt,4332,4366,double-cut lamb chops
datasets/Set_J_TEST/review-098.txt,4386,4410,Greek salad
datasets/Set_J_TEST/review-098.txt,4542,4582,fried zucchini and eggplant
datasets/Set_J_TEST/review-098.txt,4844,4862,fagri
datasets/Set_J_TEST/review-098.txt,4867,4893,spiny lobster
datasets/Set_J_TEST/review-098.txt,5041,5067,Gigante beans
datasets/Set_J_TEST/review-098.txt,5216,5246,fried dough balls
datasets/Set_J_TEST/review-098.txt,5290,5314,loukoumades
datasets/Set_J_TEST/review-098.txt,5354,5378,tuna burger
datasets/Set_J_TEST/review-098.txt,5434,5460,chicken kebab
datasets/Set_J_TEST/review-098.txt,5565,5591,dorade royale
datasets/Set_J_TEST/review-099.txt,1012,1052,seasonal organic vegetables
datasets/Set_J_TEST/review-099.txt,1145,1163,sushi
datasets/Set_J_TEST/review-099.txt,1168,1188,sashimi
datasets/Set_J_TEST/review-099.txt,1273,1293,tempura
datasets/Set_J_TEST/review-099.txt,1465,1483,dashi
datasets/Set_J_TEST/review-099.txt,1704,1721,tofu
datasets/Set_J_TEST/review-099.txt,1858,1880,bean curd
datasets/Set_J_TEST/review-099.txt,2044,2061,tofu
datasets/Set_J_TEST/review-099.txt,2170,2194,anago sushi
datasets/Set_J_TEST/review-099.txt,2264,2284,sashimi
datasets/Set_J_TEST/review-099.txt,2342,2365,tuna belly
datasets/Set_J_TEST/review-099.txt,2428,2446,squid
datasets/Set_J_TEST/review-099.txt,2479,2497,fluke
datasets/Set_J_TEST/review-099.txt,3906,3940,Japanese tiger shrimp
datasets/Set_J_TEST/review-099.txt,4073,4098,potato chips
datasets/Set_J_TEST/review-099.txt,4138,4157,shrimp
datasets/Set_J_TEST/review-099.txt,4530,4557,Pacific oyster
datasets/Set_J_TEST/review-099.txt,4716,4759,nori-wrapped and fried scallop
datasets/Set_J_TEST/review-099.txt,4979,5009,tempura asparagus
datasets/Set_J_TEST/review-099.txt,5318,5354,crunchy onion half both
datasets/Set_J_TEST/review-099.txt,5406,5436,Japanese eggplant
datasets/Set_J_TEST/review-099.txt,5571,5587,eel
datasets/Set_J_TEST/review-099.txt,5609,5629,whiting
datasets/Set_J_TEST/review-099.txt,6004,6036,seaweed with grapes
datasets/Set_J_TEST/review-099.txt,6285,6307,miso soup
datasets/Set_J_TEST/review-099.txt,6345,6371,soybean jelly
datasets/Set_J_TEST/review-099.txt,6428,6475,grapefruit-flavored Bavarian cream
datasets/Set_J_TEST/review-099.txt,6700,6728,fried asparagus
datasets/Set_J_TEST/review-100.txt,1937,1953,Pao
datasets/Set_J_TEST/review-100.txt,2162,2181,tingmo
datasets/Set_J_TEST/review-100.txt,2299,2325,Rosemary naan
datasets/Set_J_TEST/review-100.txt,2361,2378,naan
datasets/Set_J_TEST/review-100.txt,2462,2481,kulcha
datasets/Set_J_TEST/review-100.txt,2990,3030,melting roasted bone marrow
datasets/Set_J_TEST/review-100.txt,3245,3281,curried shrimp turnover
datasets/Set_J_TEST/review-100.txt,3460,3478,chaat
datasets/Set_J_TEST/review-100.txt,3772,3805,Scrambled eggs patia
datasets/Set_J_TEST/review-100.txt,3894,3920,Eggs kejriwal
datasets/Set_J_TEST/review-100.txt,4212,4228,dal
datasets/Set_J_TEST/review-100.txt,4474,4504,baby pig vindaloo
datasets/Set_J_TEST/review-100.txt,4571,4609,bacon-and-chorizo biryani
datasets/Set_J_TEST/review-101.txt,2789,2810,hot dogs
datasets/Set_J_TEST/review-101.txt,3459,3479,burgers
datasets/Set_J_TEST/review-101.txt,3556,3586,Shake Shack patty
datasets/Set_J_TEST/review-101.txt,5466,5489,French fry
datasets/Set_J_TEST/review-101.txt,5514,5540,Shroom Burger
datasets/Set_J_TEST/review-101.txt,6511,6538,grilled cheese
datasets/Set_J_TEST/review-102.txt,2326,2355,brussels sprouts
datasets/Set_J_TEST/review-102.txt,2475,2498,taco salad
datasets/Set_J_TEST/review-102.txt,2573,2604,Shiitake mushrooms
datasets/Set_J_TEST/review-102.txt,3071,3098,mac and cheese
datasets/Set_J_TEST/review-102.txt,3112,3137,meatball sub
datasets/Set_J_TEST/review-102.txt,3221,3245,Portobellos
datasets/Set_J_TEST/review-102.txt,3250,3269,seitan
datasets/Set_J_TEST/review-102.txt,3510,3530,burgers
datasets/Set_J_TEST/review-102.txt,3870,3903,Thanksgiving special
datasets/Set_J_TEST/review-103.txt,2326,2351,potato salad
datasets/Set_J_TEST/review-103.txt,2632,2653,bottarga
datasets/Set_J_TEST/review-103.txt,3535,3560,bluefin tuna
datasets/Set_J_TEST/review-103.txt,3570,3588,skate
datasets/Set_J_TEST/review-103.txt,3683,3709,Heirloom pork
datasets/Set_J_TEST/review-103.txt,4123,4152,potato fry bread
datasets/Set_J_TEST/review-103.txt,4167,4216,sourdough mixed with mashed potatoes
datasets/Set_J_TEST/review-103.txt,4225,4250,roasted beet
datasets/Set_J_TEST/review-103.txt,4725,4748,beet salad
datasets/Set_J_TEST/review-103.txt,4855,4892,sunflower-seed rye bread
datasets/Set_J_TEST/review-103.txt,5943,5972,24-day hung beef
datasets/Set_J_TEST/review-104.txt,407,435,vitello tonnato
datasets/Set_J_TEST/review-104.txt,2299,2346,garganelli with a meaty lamb ragù
datasets/Set_J_TEST/review-104.txt,2348,2396,orecchiette with house-made sausage
datasets/Set_J_TEST/review-104.txt,3703,3734,coconut semifreddo
datasets/Set_J_TEST/review-104.txt,3854,3889,crème fraîche mousse
datasets/Set_J_TEST/review-104.txt,4047,4090,vanilla-buttermilk panna cotta
datasets/Set_J_TEST/review-104.txt,4163,4191,dry walnut cake
datasets/Set_J_TEST/review-104.txt,4384,4403,salads
datasets/Set_J_TEST/review-104.txt,4405,4424,pastas
datasets/Set_J_TEST/review-104.txt,4426,4443,fish
datasets/Set_J_TEST/review-104.txt,4445,4462,meat
datasets/Set_J_TEST/review-104.txt,4968,4996,crispy potatoes
datasets/Set_J_TEST/review-104.txt,5092,5117,hanger steak
datasets/Set_J_TEST/review-104.txt,5271,5301,sea scallop crudo
datasets/Set_J_TEST/review-104.txt,5306,5334,escolar ceviche
datasets/Set_J_TEST/review-104.txt,5349,5375,grilled quail
datasets/Set_J_TEST/review-104.txt,5504,5531,Oxtail calzone
datasets/Set_J_TEST/review-104.txt,5598,5644,Wagyu tongue with cabbage and rye
datasets/Set_J_TEST/review-104.txt,5720,5743,Rye crisps
datasets/Set_J_TEST/review-104.txt,5786,5813,beef carpaccio
datasets/Set_J_TEST/review-104.txt,5938,5962,fluke crudo
datasets/Set_J_TEST/review-104.txt,6019,6043,orecchiette
datasets/Set_J_TEST/review-104.txt,6052,6075,garganelli
datasets/Set_J_TEST/review-104.txt,6083,6112,squid-ink trofie
datasets/Set_J_TEST/review-104.txt,6120,6147,calamari ragù
datasets/Set_J_TEST/review-104.txt,6234,6258,pizzoccheri
datasets/Set_J_TEST/review-104.txt,6768,6792,Fluke crudo
datasets/Set_J_TEST/review-104.txt,6794,6823,grapefruit salad
datasets/Set_J_TEST/review-104.txt,6825,6847,cavatelli
datasets/Set_J_TEST/review-104.txt,6849,6873,pizzoccheri
datasets/Set_J_TEST/review-104.txt,6875,6914,garganelli with lamb ragù
datasets/Set_J_TEST/review-104.txt,6916,6945,testa cappelacci
datasets/Set_J_TEST/review-104.txt,6947,6984,orecchiette with sausage
datasets/Set_J_TEST/review-104.txt,6986,7010,sweetbreads
datasets/Set_J_TEST/review-104.txt,7012,7039,olive oil cake
datasets/Set_J_TEST/review-104.txt,7041,7084,vanilla-buttermilk panna cotta
datasets/Set_J_TEST/review-104.txt,7086,7112,pear crostata
datasets/Set_J_TEST/review-105.txt,301,327,seafood tacos
datasets/Set_J_TEST/review-105.txt,336,374,pretzel-crusted crab cake
datasets/Set_J_TEST/review-105.txt,386,420,calamari mac & cheese
datasets/Set_J_TEST/review-105.txt,435,461,angry mussels
datasets/Set_J_TEST/review-105.txt,496,530,potato-zucchini latke
datasets/Set_J_TEST/review-105.txt,591,617,can o’ cake
datasets/Set_J_TEST/review-105.txt,1631,1663,cheesecake lollipop
datasets/Set_J_TEST/review-105.txt,3439,3469,fillet of halibut
datasets/Set_J_TEST/review-105.txt,4443,4469,mealy octopus
datasets/Set_J_TEST/review-105.txt,4475,4497,carbonara
datasets/Set_J_TEST/review-105.txt,4543,4562,prawns
datasets/Set_J_TEST/review-105.txt,4640,4666,pesto ravioli
datasets/Set_J_TEST/review-105.txt,4904,4927,crab cakes
datasets/Set_J_TEST/review-105.txt,6438,6467,Tempura calamari
datasets/Set_J_TEST/review-105.txt,6472,6492,oysters
datasets/Set_J_TEST/review-105.txt,6494,6524,tuna tartar tacos
datasets/Set_J_TEST/review-105.txt,6556,6579,Dover sole
datasets/Set_J_TEST/review-105.txt,6581,6614,cauliflower brûlée
datasets/Set_J_TEST/review-105.txt,6616,6656,gnocchi with wild mushrooms
datasets/Set_J_TEST/review-105.txt,6658,6681,apple tart
datasets/Set_J_TEST/review-105.txt,6683,6727,chocolate-peanut butter pudding
datasets/Set_J_TEST/review-171.txt,2002,2020,sushi
datasets/Set_J_TEST/review-171.txt,2333,2353,Sashimi
datasets/Set_J_TEST/review-171.txt,3021,3050,yellowtail belly
datasets/Set_J_TEST/review-171.txt,3082,3114,wild Alaskan salmon
datasets/Set_J_TEST/review-171.txt,3461,3487,omakase sushi
datasets/Set_J_TEST/review-171.txt,3689,3717,"baby
cuttlefish"
datasets/Set_J_TEST/review-171.txt,4234,4262,seafood tempura
datasets/Set_J_TEST/review-172.txt,1964,1986,loukaniko
datasets/Set_J_TEST/review-172.txt,1988,2013,pork sausage
datasets/Set_J_TEST/review-172.txt,2039,2059,bifteki
datasets/Set_J_TEST/review-172.txt,2119,2142,lamb chops
datasets/Set_J_TEST/review-172.txt,2228,2246,fries
datasets/Set_J_TEST/review-172.txt,3034,3083,moussaka with its strata of potatoes
datasets/Set_J_TEST/review-172.txt,3085,3109,ground beef
datasets/Set_J_TEST/review-172.txt,3178,3218,Shrimp — doused with ouzo
datasets/Set_J_TEST/review-172.txt,3521,3544,cheesecake
datasets/Set_J_TEST/review-173.txt,584,645,fried potatoes dressed with pimentón mayonnaise
datasets/Set_J_TEST/review-173.txt,4010,4042,airy herb dumplings
datasets/Set_J_TEST/review-173.txt,4132,4160,ravioli of peas
datasets/Set_J_TEST/review-173.txt,4314,4352,grilled trout or a fillet
datasets/Set_J_TEST/review-173.txt,4964,4984,chicken
datasets/Set_J_TEST/review-174.txt,1033,1071,Kimchi-and-beef dumplings
datasets/Set_J_TEST/review-174.txt,1198,1218,soondae
datasets/Set_J_TEST/review-174.txt,1426,1459,platter of modumjeon
datasets/Set_J_TEST/review-174.txt,1553,1580,scrambled eggs
datasets/Set_J_TEST/review-174.txt,1810,1830,tempura
datasets/Set_J_TEST/review-174.txt,2127,2156,kabocha porridge
datasets/Set_J_TEST/review-174.txt,2627,2651,Budae-jigae
datasets/Set_J_TEST/review-175.txt,718,750,swordfish carpaccio
datasets/Set_J_TEST/review-175.txt,1164,1198,grilled octopus salad
datasets/Set_J_TEST/review-175.txt,1209,1268,mussels steamed with garlic and crushed pepper
datasets/Set_J_TEST/review-175.txt,1279,1301,burratina
datasets/Set_J_TEST/review-175.txt,1419,1447,baby artichokes
datasets/Set_J_TEST/review-175.txt,1563,1596,prosciutto and melon
datasets/Set_J_TEST/review-176.txt,115,149,spit-roasted chickens
datasets/Set_J_TEST/review-176.txt,4071,4097,poule de luxe
datasets/Set_J_TEST/review-176.txt,4664,4683,dorade
datasets/Set_J_TEST/review-176.txt,4792,4834,rotisserie duck à l’orange
datasets/Set_J_TEST/review-176.txt,5185,5221,dried-out lamb shoulder
datasets/Set_J_TEST/review-177.txt,1051,1076,chewy bagels
datasets/Set_J_TEST/review-177.txt,1142,1190,sandwiches crammed with smoked meat
datasets/Set_J_TEST/review-177.txt,1219,1240,pastrami
datasets/Set_J_TEST/review-177.txt,1648,1668,cholent
datasets/Set_J_TEST/review-177.txt,1930,1966,plump sweetbread kishke
datasets/Set_J_TEST/review-177.txt,2030,2054,Poulet juif
datasets/Set_J_TEST/review-177.txt,2098,2116,Trout
datasets/Set_J_TEST/review-177.txt,2267,2289,mishpucha
datasets/Set_J_TEST/review-177.txt,2501,2523,dumplings
datasets/Set_J_TEST/review-177.txt,2533,2574, oyster-cracker-ish croutons
datasets/Set_J_TEST/review-177.txt,2588,2608,lo mein
datasets/Set_J_TEST/review-177.txt,2855,2880,French fries
datasets/Set_J_TEST/review-177.txt,3070,3098,Côte-du-Rhône
datasets/Set_J_TEST/review-177.txt,3240,3269,Donkey and  Goat
datasets/Set_J_TEST/review-178.txt,268,286,sisig
datasets/Set_J_TEST/review-178.txt,1116,1134,fries
datasets/Set_J_TEST/review-178.txt,2570,2603,chicken slow-poached
datasets/Set_J_TEST/review-178.txt,2627,2651,"pork belly,"
datasets/Set_J_TEST/review-178.txt,2685,2719,Tomato-based afritada
datasets/Set_J_TEST/review-178.txt,2773,2799,Bicol Express
datasets/Set_J_TEST/review-178.txt,3152,3195,"pork belly adobo “burger,”"
datasets/Set_J_TEST/review-178.txt,3353,3372,bangus
datasets/Set_J_TEST/review-178.txt,3575,3594,lumpia
datasets/Set_J_TEST/review-178.txt,3902,3924,halo-halo
datasets/Set_J_TEST/review-179.txt,125,146,pig tail
datasets/Set_J_TEST/review-179.txt,2882,2903,lamb ham
datasets/Set_J_TEST/review-179.txt,2915,2941,spicy sausage
datasets/Set_J_TEST/review-179.txt,3261,3293,smoked curried duck
datasets/Set_J_TEST/review-179.txt,3519,3549,braised short rib
datasets/Set_J_TEST/review-179.txt,3869,3893,lamb breast
datasets/Set_J_TEST/review-180.txt,1128,1163,"sea urchin and
 caviar"
datasets/Set_J_TEST/review-180.txt,3357,3423,smoked-salmon croque monsieur overflowing with caviar
datasets/Set_J_TEST/review-180.txt,3591,3647,a brioche filled with warm truffled lobster
datasets/Set_J_TEST/review-180.txt,6365,6414,salmon bathed in cardamom and ginger
datasets/Set_J_TEST/review-181.txt,781,799,sushi
datasets/Set_J_TEST/review-181.txt,1244,1272," sea
urchin roe"
datasets/Set_J_TEST/review-181.txt,1726,1743,toro
datasets/Set_J_TEST/review-181.txt,1885,1920,sashimi of orange clam
datasets/Set_J_TEST/review-181.txt,1981,2001,hamachi
datasets/Set_J_TEST/review-181.txt,3198,3226,vegetable sushi
datasets/Set_J_TEST/review-181.txt,3467,3496,grilled shiitake
datasets/Set_J_TEST/review-181.txt,3525,3553,lotus root roll
datasets/Set_J_TEST/review-181.txt,3591,3621,asparagus tempura
datasets/Set_J_TEST/review-181.txt,3748,3775,mushroom sushi
datasets/Set_J_TEST/review-181.txt,3846,3878,Grilled sea scallop
datasets/Set_J_TEST/review-181.txt,4300,4319,daikon
datasets/Set_J_TEST/review-181.txt,4565,4616,Chopped salmon with Sichuan peppercorn
datasets/Set_J_TEST/review-181.txt,4776,4798,Duck skin
datasets/Set_J_TEST/review-181.txt,4800,4822,duck meat
datasets/Set_J_TEST/review-181.txt,4827,4849,foie gras
datasets/Set_J_TEST/review-181.txt,5160,5185,toro tartare
datasets/Set_J_TEST/review-181.txt,5190,5209,caviar
datasets/Set_J_TEST/review-181.txt,5226,5249,tuna belly
datasets/Set_J_TEST/review-181.txt,5258,5283,sturgeon roe
datasets/Set_J_TEST/review-182.txt,766,785,paella
datasets/Set_J_TEST/review-182.txt,814,849,Galician-style octopus
datasets/Set_J_TEST/review-182.txt,3152,3170,tapas
datasets/Set_J_TEST/review-182.txt,3176,3209,grilled bread spread
datasets/Set_J_TEST/review-182.txt,3398,3435,large shrimp with garlic
datasets/Set_J_TEST/review-182.txt,3521,3552,Crujiente mahonés
datasets/Set_J_TEST/review-182.txt,3773,3796,Croquettes
datasets/Set_J_TEST/review-182.txt,4017,4035,pulpo
datasets/Set_J_TEST/review-182.txt,4856,4884,Rosejat rápida
datasets/Set_J_TEST/review-182.txt,5061,5089,Grilled chicken
datasets/Set_J_TEST/review-182.txt,5313,5338,paella negra
datasets/Set_J_TEST/review-182.txt,5439,5457,clams
datasets/Set_J_TEST/review-183.txt,2340,2373,crispy fried chicken
datasets/Set_J_TEST/review-183.txt,2751,2787,Peking-style pork chops
datasets/Set_J_TEST/review-183.txt,3772,3807,Fried crispy bean curd
datasets/Set_J_TEST/review-183.txt,4062,4097,“house walnut shrimp
datasets/Set_J_TEST/review-183.txt,4940,4959,shumai
datasets/Set_J_TEST/review-183.txt,5266,5291,dried shrimp
datasets/Set_J_TEST/review-184.txt,81,108,little piggies
datasets/Set_J_TEST/review-184.txt,657,682,"custard
buns"
datasets/Set_J_TEST/review-184.txt,1811,1843,translucent har gow
datasets/Set_J_TEST/review-184.txt,1878,1898,siu mai
datasets/Set_J_TEST/review-184.txt,1962,1987,char siu bao
datasets/Set_J_TEST/review-184.txt,2040,2060,brioche
datasets/Set_J_TEST/review-184.txt,2242,2268,bamboo shoots
datasets/Set_J_TEST/review-184.txt,2538,2581,dried shrimp and dried scallop
datasets/Set_J_TEST/review-184.txt,2933,2979,whole shrimp robed in sticky rice
datasets/Set_J_TEST/review-185.txt,3148,3176,signature steak
datasets/Set_J_TEST/review-185.txt,3443,3477,Strip House’s strip
datasets/Set_J_TEST/review-185.txt,3677,3719,a catcher’s mitt of rib-eye
datasets/Set_J_TEST/review-185.txt,3878,3903,filet mignon
datasets/Set_J_TEST/review-185.txt,4138,4160,veal chop
datasets/Set_J_TEST/review-185.txt,4754,4778,onion rings
datasets/Set_J_TEST/review-185.txt,4891,4920,Steamed broccoli
datasets/Set_J_TEST/review-185.txt,5066,5097,"bibb
lettuce salad"
datasets/Set_J_TEST/review-185.txt,5356,5384,shrimp cocktail
datasets/Set_J_TEST/review-185.txt,5395,5417,crab cake
datasets/Set_J_TEST/review-185.txt,5448,5477,spicy rémoulade
datasets/Set_J_TEST/review-185.txt,5634,5671,sushi-bar vegetable roll
datasets/Set_J_TEST/review-185.txt,6177,6204,chocolate cake
datasets/Set_J_TEST/review-186.txt,1939,1960,ham hock
datasets/Set_J_TEST/review-186.txt,2862,2889,fried pig ears
datasets/Set_J_TEST/review-186.txt,2930,2949,kimchi
datasets/Set_J_TEST/review-186.txt,2951,2979,"pork
and hominy"
datasets/Set_J_TEST/review-186.txt,3018,3044,Sichuan stews
datasets/Set_J_TEST/review-186.txt,3081,3104,beef chili
datasets/Set_J_TEST/review-186.txt,3685,3703,torta
datasets/Set_J_TEST/review-186.txt,4009,4041,crusty Italian roll
datasets/Set_J_TEST/review-186.txt,4255,4283,golden gorditas
datasets/Set_J_TEST/review-186.txt,4917,4937,fajitas
datasets/Set_J_TEST/review-187.txt,3173,3223, malt gelato with devil’s food cake
datasets/Set_J_TEST/review-187.txt,3232,3257,parsnip cake
datasets/Set_J_TEST/review-187.txt,3261,3280,sundae
datasets/Set_J_TEST/review-187.txt,3476,3507,crisp pork nuggets
datasets/Set_J_TEST/review-187.txt,3609,3650,grilled octopus with chorizo
datasets/Set_J_TEST/review-187.txt,3677,3718,beef tongue with bone marrow
datasets/Set_J_TEST/review-187.txt,3819,3846,fried arancini
datasets/Set_J_TEST/review-187.txt,3854,3890,light roasted meatballs
datasets/Set_J_TEST/review-187.txt,3927,3947,oysters
datasets/Set_J_TEST/review-187.txt,4124,4165,ricotta gnudi with mushrooms
datasets/Set_J_TEST/review-187.txt,4405,4428,beet salad
datasets/Set_J_TEST/review-187.txt,4762,4788,roast chicken
datasets/Set_J_TEST/review-187.txt,4965,5003,Atlantic cod with polenta
datasets/Set_J_TEST/review-187.txt,5085,5124,dice roll on the pork chop
datasets/Set_J_TEST/review-187.txt,5272,5309,Steak frites with mizuna
datasets/Set_J_TEST/review-187.txt,5392,5411,mizuna
datasets/Set_J_TEST/review-188.txt,996,1020,crispy pata
datasets/Set_J_TEST/review-188.txt,1047,1065,balut
datasets/Set_J_TEST/review-188.txt,2006,2023,suka
datasets/Set_J_TEST/review-188.txt,2076,2098,Datu Puti
datasets/Set_J_TEST/review-188.txt,2220,2245,pancit bihon
datasets/Set_J_TEST/review-188.txt,2321,2347,chicken adobo
datasets/Set_J_TEST/review-188.txt,2368,2391,kimchi ric
datasets/Set_J_TEST/review-188.txt,2481,2515,fried-chicken sliders
datasets/Set_J_TEST/review-188.txt,2578,2600,calamansi
datasets/Set_J_TEST/review-188.txt,2602,2620,Tacos
datasets/Set_J_TEST/review-189.txt,604,631,guoqiao mixian
datasets/Set_J_TEST/review-189.txt,1198,1218,noodles
datasets/Set_J_TEST/review-189.txt,2247,2286,rice noodles in lucid soup
datasets/Set_J_TEST/review-189.txt,2759,2781,dumplings
datasets/Set_J_TEST/review-189.txt,2987,3010,"rice
stick"
datasets/Set_J_TEST/review-189.txt,3151,3195,Hot & Sour Sweet Potatoes Piece
datasets/Set_J_TEST/review-190.txt,1092,1118,fried chicken
datasets/Set_J_TEST/review-190.txt,1352,1378,fried catfish
datasets/Set_J_TEST/review-190.txt,1436,1457,sandwich
datasets/Set_J_TEST/review-190.txt,1541,1582,undersimmered collard greens
datasets/Set_J_TEST/review-190.txt,1678,1702,vapid grits
datasets/Set_J_TEST/review-190.txt,1712,1754,oddly dry macaroni and cheese
datasets/Set_J_TEST/review-190.txt,1807,1835,black-eyed peas
datasets/Set_J_TEST/review-190.txt,1944,1971,Brunswick stew
datasets/Set_J_TEST/review-190.txt,2360,2395,chicken-salad sandwich
datasets/Set_J_TEST/review-190.txt,2406,2428,chow chow
datasets/Set_J_TEST/review-190.txt,2498,2532,butterflied pork chop
datasets/Set_J_TEST/review-190.txt,2924,2964,pecan pie and bread pudding
datasets/Set_J_TEST/review-191.txt,849,876,hijiki seaweed
datasets/Set_J_TEST/review-191.txt,954,977,yuzu kosho
datasets/Set_J_TEST/review-191.txt,1026,1061,crisp daikon and jicam
datasets/Set_J_TEST/review-191.txt,1198,1230,maraschino cherries
datasets/Set_J_TEST/review-191.txt,1292,1313,umeboshi
datasets/Set_J_TEST/review-191.txt,1517,1540,sandwiches
datasets/Set_J_TEST/review-191.txt,1760,1784,sushi rolls
datasets/Set_J_TEST/review-191.txt,2142,2163,pastrami
datasets/Set_J_TEST/review-191.txt,2190,2221,kabocha on brioche
datasets/Set_J_TEST/review-191.txt,2271,2293,shio koji
datasets/Set_J_TEST/review-191.txt,2342,2370,smoked mackerel
datasets/Set_J_TEST/review-191.txt,2917,2945,ruffles of kale
datasets/Set_J_TEST/review-192.txt,918,938,gizdodo
datasets/Set_J_TEST/review-192.txt,1144,1164,moi moi
datasets/Set_J_TEST/review-192.txt,1404,1437,nubs of beef knuckle
datasets/Set_J_TEST/review-192.txt,1526,1548,kuli-kuli
datasets/Set_J_TEST/review-192.txt,1662,1684,Meat pies
datasets/Set_J_TEST/review-192.txt,2001,2025,Honey beans
datasets/Set_J_TEST/review-192.txt,2849,2873,jollof rice
datasets/Set_J_TEST/review-193.txt,325,344,bangus
datasets/Set_J_TEST/review-193.txt,1392,1411,pancit
datasets/Set_J_TEST/review-193.txt,1562,1588,"ancit
palabok"
datasets/Set_J_TEST/review-193.txt,1705,1737,kalderetang kambing
datasets/Set_J_TEST/review-193.txt,1924,1954,Seafood kare-kare
datasets/Set_J_TEST/review-193.txt,2131,2151,bagoong
datasets/Set_J_TEST/review-193.txt,2263,2286,pork belly
datasets/Set_J_TEST/review-193.txt,2621,2639,Sisig
datasets/Set_J_TEST/review-194.txt,1011,1037,suon nuong xa
datasets/Set_J_TEST/review-194.txt,1258,1284,"ha
ca la Vong"
datasets/Set_J_TEST/review-194.txt,1690,1710,banh mi
datasets/Set_J_TEST/review-194.txt,1974,1995,banh xeo
datasets/Set_J_TEST/review-194.txt,2232,2261,Chinese egg roll
datasets/Set_J_TEST/review-194.txt,2432,2453,Ca ri ga
datasets/Set_J_TEST/review-194.txt,2608,2627,pho bo
datasets/Set_J_TEST/review-194.txt,2710,2729,pho ga
datasets/Set_J_TEST/review-194.txt,2908,2930,vegan pho
datasets/Set_J_TEST/review-195.txt,477,502,"dal makhani,"
datasets/Set_J_TEST/review-195.txt,1485,1514,tandoori chicken
datasets/Set_J_TEST/review-195.txt,1516,1543,butter chicken
datasets/Set_J_TEST/review-195.txt,1982,2002,papadum
datasets/Set_J_TEST/review-195.txt,2373,2398,"burrah
kebab"
datasets/Set_J_TEST/review-195.txt,3676,3711,"golden pakora
fritters"
datasets/Set_J_TEST/review-195.txt,4366,4393,Roomali khasta
datasets/Set_J_TEST/review-195.txt,4428,4460,fried pastry cigars
datasets/Set_J_TEST/review-196.txt,1356,1387,spicy diced rabbit
datasets/Set_J_TEST/review-196.txt,2336,2354,ma la
datasets/Set_J_TEST/review-196.txt,3162,3195,Pickle and fish stew
datasets/Set_J_TEST/review-196.txt,3708,3728,tilapia
datasets/Set_J_TEST/review-196.txt,3941,3969,tea-smoked duck
datasets/Set_J_TEST/review-196.txt,4253,4276,pork belly
datasets/Set_J_TEST/review-196.txt,4318,4355,shredded pork sandwiches
datasets/Set_J_TEST/review-197.txt,3522,3542,chicken
datasets/Set_J_TEST/review-197.txt,4336,4353,meat
datasets/Set_J_TEST/review-197.txt,4724,4750,fried chicken
datasets/Set_J_TEST/review-197.txt,5571,5598,pimento cheese
datasets/Set_J_TEST/review-197.txt,5836,5861,potato salad
datasets/Set_J_TEST/review-197.txt,5909,5941,macaroni and cheese
datasets/Set_J_TEST/review-197.txt,6008,6034,bread pudding
datasets/Set_J_TEST/review-197.txt,6104,6129,whoopie pies
datasets/Set_J_TEST/review-197.txt,6282,6309,banana pudding
datasets/Set_J_TEST/review-198.txt,910,934,fried clams
datasets/Set_J_TEST/review-198.txt,939,964,garlic bread
datasets/Set_J_TEST/review-198.txt,1201,1224,coq au vin
datasets/Set_J_TEST/review-198.txt,1235,1255,bavette
datasets/Set_J_TEST/review-198.txt,2361,2394,onion soup gratinée
datasets/Set_J_TEST/review-198.txt,2401,2433,frisée aux lardons
datasets/Set_J_TEST/review-198.txt,2458,2499,oules marinières with fries
datasets/Set_J_TEST/review-198.txt,2626,2654,crème brûlée
datasets/Set_J_TEST/review-198.txt,2913,2938,tuna tartare
datasets/Set_J_TEST/review-198.txt,2946,2997,"beet
and endive salad with blue cheese"
datasets/Set_J_TEST/review-198.txt,3004,3044,lamb shank with white beans
datasets/Set_J_TEST/review-198.txt,3056,3109,"duck confit with duck
fat fried potatoes"
datasets/Set_J_TEST/review-198.txt,3204,3232,grilled chicken
datasets/Set_J_TEST/review-198.txt,3271,3296,cheeseburger
datasets/Set_J_TEST/review-199.txt,74,97,sea urchin
datasets/Set_J_TEST/review-199.txt,699,731,Napa cabbage kimchi
datasets/Set_J_TEST/review-199.txt,4782,4815,Korean fried chicken
datasets/Set_J_TEST/review-200.txt,1397,1417,oatmeal
datasets/Set_J_TEST/review-200.txt,1450,1471,porridge
datasets/Set_J_TEST/review-200.txt,1654,1703,"filigree
of maple syrup and sea salt"
datasets/Set_J_TEST/review-200.txt,1986,2007,Gruyère
datasets/Set_J_TEST/review-200.txt,2127,2156,Truffle RisOATto
datasets/Set_J_TEST/review-200.txt,2899,2922,Thai-style
datasets/Set_J_TEST/review-200.txt,3916,3949,dark chocolate chips
datasets/Set_J_TEST/review-201.txt,1712,1731,palata
datasets/Set_J_TEST/review-201.txt,1924,1954,red chicken curry
datasets/Set_J_TEST/review-201.txt,2043,2099,"minced chicken
breast cooked in paprika oil"
datasets/Set_J_TEST/review-201.txt,2247,2272,ohno kaukswe
datasets/Set_J_TEST/review-201.txt,3084,3109,laphet thoke
datasets/Set_J_TEST/review-201.txt,3734,3754,samusas
datasets/Set_J_TEST/review-202.txt,134,154,falafel
datasets/Set_J_TEST/review-202.txt,1110,1129,hummus
datasets/Set_J_TEST/review-202.txt,1956,1978,mujaddara
datasets/Set_J_TEST/review-202.txt,2276,2317,pan-fried fillet of branzino
datasets/Set_J_TEST/review-202.txt,2635,2669,blackened beef kebabs
datasets/Set_J_TEST/review-202.txt,2706,2728,shakshuka
datasets/Set_J_TEST/review-202.txt,2919,2948,Chicken shawarma
datasets/Set_J_TEST/review-202.txt,3108,3125,amba
datasets/Set_J_TEST/review-203.txt,1551,1606,watercress tumbled with nubs of crispy por
datasets/Set_J_TEST/review-203.txt,1714,1739,miang kha-na
datasets/Set_J_TEST/review-203.txt,2147,2170,"khua
kling"
datasets/Set_J_TEST/review-203.txt,2321,2342,Khao soi
datasets/Set_J_TEST/review-203.txt,2900,2936,squid in a watery sauce
datasets/Set_J_TEST/review-204.txt,957,977,polenta
datasets/Set_J_TEST/review-204.txt,1232,1255,short ribs
datasets/Set_J_TEST/review-204.txt,1323,1365,shiitake and oyster mushrooms
datasets/Set_J_TEST/review-204.txt,1745,1767,pork chop
datasets/Set_J_TEST/review-204.txt,3319,3337,pasta
datasets/Set_J_TEST/review-204.txt,3462,3484,ribollita
datasets/Set_J_TEST/review-204.txt,3693,3713,ravioli
datasets/Set_J_TEST/review-204.txt,3854,3873,salami
datasets/Set_J_TEST/review-204.txt,4048,4097,lamb Bolognese with green garganelli
datasets/Set_J_TEST/review-205.txt,337,357,soondae
datasets/Set_J_TEST/review-205.txt,2355,2384,seafood corn dog
datasets/Set_J_TEST/review-205.txt,3134,3153,daikon
datasets/Set_J_TEST/review-205.txt,3200,3245,chewy black beans in salty syrup
datasets/Set_J_TEST/review-205.txt,3285,3323,chewy bands of cuttlefish
datasets/Set_J_TEST/review-205.txt,3443,3471,octopus grilled
datasets/Set_J_TEST/review-205.txt,3747,3776,Insa’s yuk hwe
datasets/Set_J_TEST/review-205.txt,3814,3839,beef tartare
datasets/Set_J_TEST/review-205.txt,4115,4138,tteokbokki
datasets/Set_J_TEST/review-205.txt,4271,4299,seafood sausage
datasets/Set_J_TEST/review-206.txt,564,588,albóndigas
datasets/Set_J_TEST/review-206.txt,1480,1514,Enchiladas de borrego
datasets/Set_J_TEST/review-206.txt,1695,1726,Costillas de cerdo
datasets/Set_J_TEST/review-206.txt,2128,2157,tacos Mexicocina
datasets/Set_J_TEST/review-206.txt,2592,2614,al pastor
datasets/Set_J_TEST/review-206.txt,3188,3211,quesadilla
datasets/Set_J_TEST/review-206.txt,3268,3288,Cemitas
datasets/Set_J_TEST/review-207.txt,660,678,sushi
datasets/Set_J_TEST/review-207.txt,870,890,seafood
datasets/Set_J_TEST/review-207.txt,1522,1544,maki roll
datasets/Set_J_TEST/review-207.txt,1548,1607,chopped fatty tuna wrapped in rice with caviar
datasets/Set_J_TEST/review-207.txt,1734,1776,"the fried rice with
mushrooms"
datasets/Set_J_TEST/review-207.txt,1791,1820,Ohmi beef tataki
datasets/Set_J_TEST/review-207.txt,2007,2033,grilled steak
datasets/Set_J_TEST/review-207.txt,2604,2659,cauliflower florets with maitake mushrooms
datasets/Set_J_TEST/review-207.txt,2964,3012,"noodles extruded from ground
shrimp"
datasets/Set_J_TEST/review-207.txt,3240,3285,tortillas filled with roast duck
datasets/Set_J_TEST/review-207.txt,3331,3374,batons of overcooked foie gras
datasets/Set_J_TEST/review-207.txt,3477,3514,Cubes of superb raw tuna
datasets/Set_J_TEST/review-207.txt,3653,3693,Butterflied grilled octopus
datasets/Set_J_TEST/review-207.txt,3784,3819,Japanese shrimp scampi
datasets/Set_J_TEST/review-207.txt,3855,3887,"baby dancing
shrimp"
datasets/Set_J_TEST/review-207.txt,3965,3996,sea urchin risotto
datasets/Set_J_TEST/review-207.txt,4381,4420,"cress with
wasabi dressing"
datasets/Set_J_TEST/review-208.txt,1296,1314,gyoza
datasets/Set_J_TEST/review-208.txt,1610,1664,"Lunar-white bao
buns come with pork belly"
datasets/Set_J_TEST/review-208.txt,1735,1756,tonkatsu
datasets/Set_J_TEST/review-208.txt,1938,1964,"Chicken
wings"
datasets/Set_J_TEST/review-208.txt,2112,2139,fried chicken 
datasets/Set_J_TEST/review-208.txt,2262,2296,salt-grilled mackerel
datasets/Set_J_TEST/review-209.txt,3448,3485,Plum-size sweet potatoes
datasets/Set_J_TEST/review-209.txt,5561,5607,citrus salad with tapioca pudding
datasets/Set_J_TEST/review-210.txt,347,366,pastas
datasets/Set_J_TEST/review-210.txt,371,390,pizzas
datasets/Set_J_TEST/review-210.txt,2505,2555,tuna tartare inside a piquillo pepper
datasets/Set_J_TEST/review-210.txt,2642,2688,"fresh chorizo wrapped in
caul fat"
datasets/Set_J_TEST/review-210.txt,2833,2891,roasted beets and a vinaigrette made from oil
datasets/Set_J_TEST/review-210.txt,3503,3532,tarragon chicken
datasets/Set_J_TEST/review-210.txt,3759,3778,paella
datasets/Set_J_TEST/review-210.txt,5001,5039,"pimentón-dusted
potatoes"
datasets/Set_J_TEST/review-210.txt,5435,5481,goat cheese with crunchy potatoes
datasets/Set_J_TEST/review-210.txt,5497,5526,tarragon chicken
datasets/Set_J_TEST/review-286.txt,1342,1359,fish
datasets/Set_J_TEST/review-286.txt,1779,1796,rice
datasets/Set_J_TEST/review-286.txt,3439,3467,rust-red frills
datasets/Set_J_TEST/review-286.txt,4240,4260,chicken
datasets/Set_J_TEST/review-286.txt,4329,4359,Hainanese chicken
datasets/Set_J_TEST/review-287.txt,806,844,jalapeño-cheese sausages
datasets/Set_J_TEST/review-287.txt,1020,1044,smoked meat
datasets/Set_J_TEST/review-287.txt,2144,2166,pork ribs
datasets/Set_J_TEST/review-287.txt,2984,3004,chicken
datasets/Set_J_TEST/review-287.txt,3031,3059,rotisserie bird
datasets/Set_J_TEST/review-287.txt,3106,3132,beef shoulder
datasets/Set_J_TEST/review-287.txt,4178,4195,eggs
datasets/Set_J_TEST/review-288.txt,1406,1430,noodles bob
datasets/Set_J_TEST/review-288.txt,1768,1785,beef
datasets/Set_J_TEST/review-289.txt,1650,1669,salmon
datasets/Set_J_TEST/review-289.txt,1863,1883,chicken
datasets/Set_J_TEST/review-289.txt,1887,1904,beef
datasets/Set_J_TEST/review-290.txt,911,934,pork belly
datasets/Set_J_TEST/review-290.txt,941,962,calamari
datasets/Set_J_TEST/review-290.txt,971,993,flat-iron
datasets/Set_J_TEST/review-290.txt,1006,1037,blue-cheese butter
datasets/Set_J_TEST/review-290.txt,1873,1893,Hamachi
datasets/Set_J_TEST/review-290.txt,2495,2529,mango-tomatillo salsa
datasets/Set_J_TEST/review-290.txt,3085,3117,ponderous doughnuts
datasets/Set_J_TEST/review-290.txt,4097,4115,Salad
datasets/Set_J_TEST/review-291.txt,619,638,oyster
datasets/Set_J_TEST/review-291.txt,768,792,cake crumbs
datasets/Set_J_TEST/review-291.txt,2900,2928,dan dan noodles
datasets/Set_J_TEST/review-291.txt,3065,3084,rabbit
datasets/Set_J_TEST/review-291.txt,3232,3263,Dry pepper chicken
datasets/Set_J_TEST/review-291.txt,4277,4797,"grilled meat courses, for instance, didn’t leave an impression on my memory as large as the one they left on the bill.
But for the most part, I love the way Hirohisa Hayashi, the chef, brings out the whispering harmonies that result when one small wave of flavor laps against another.
He finds those harmonies in the way lightly charred blocks of <dish>sesame tofu come together with buttery lobes of sea urchin and shreds of fresh wasabi. And again in the bowl of raw salmon layered over <dish>white rice"
datasets/Set_J_TEST/review-291.txt,5255,5272,fish
datasets/Set_J_TEST/review-292.txt,240,277,Bangkok rice and noodles
datasets/Set_J_TEST/review-292.txt,1331,1348,larb
datasets/Set_J_TEST/review-292.txt,1360,1396,moist minced-meat salad
datasets/Set_J_TEST/review-292.txt,1639,1663,sticky rice
datasets/Set_J_TEST/review-292.txt,1778,1809,green papaya salad
datasets/Set_J_TEST/review-292.txt,2202,2240,grilled marinated chicken
datasets/Set_J_TEST/review-292.txt,2266,2292,grilled squid
datasets/Set_J_TEST/review-292.txt,2337,2365,Grilled catfish
datasets/Set_J_TEST/review-292.txt,2406,2439,fried pork spareribs
datasets/Set_J_TEST/review-292.txt,2469,2496,chicken hearts
datasets/Set_J_TEST/review-292.txt,3258,3279,Gang som
datasets/Set_J_TEST/review-293.txt,207,239,grilled octopus leg
datasets/Set_J_TEST/review-293.txt,723,741,bread
datasets/Set_J_TEST/review-293.txt,3576,3609,spicy Calabrian reds
datasets/Set_J_TEST/review-293.txt,3695,3714,breads
datasets/Set_J_TEST/review-293.txt,3854,3872,bread
datasets/Set_J_TEST/review-293.txt,4004,4031,chocolate bars
datasets/Set_J_TEST/review-293.txt,5138,5160,spaghetti
datasets/Set_J_TEST/review-293.txt,5338,5360,spaghetti
datasets/Set_J_TEST/review-293.txt,5465,5485,noodles
datasets/Set_J_TEST/review-293.txt,5606,5628,spaghetti
datasets/Set_J_TEST/review-293.txt,6087,6113,ricotta curds
datasets/Set_J_TEST/review-293.txt,6965,6988,right pork
datasets/Set_J_TEST/review-294.txt,142,160,sushi
datasets/Set_J_TEST/review-294.txt,629,646,Masa
datasets/Set_J_TEST/review-294.txt,1293,1311,steak
datasets/Set_J_TEST/review-294.txt,2486,2509,sushi rice
datasets/Set_J_TEST/review-294.txt,2544,2562,sushi
datasets/Set_J_TEST/review-294.txt,2985,3002,fish
datasets/Set_J_TEST/review-294.txt,3335,3352,fish
datasets/Set_J_TEST/review-294.txt,3609,3626,fish
datasets/Set_J_TEST/review-294.txt,5062,5080,sushi
datasets/Set_J_TEST/review-294.txt,5507,5532,bluefin tuna
datasets/Set_J_TEST/review-294.txt,5536,5553,fish
datasets/Set_J_TEST/review-294.txt,7303,7321,sushi
datasets/Set_J_TEST/review-295.txt,97,118,pork bun
datasets/Set_J_TEST/review-295.txt,231,252,pork-bun
datasets/Set_J_TEST/review-295.txt,284,317,Taiwanese hamburgers
datasets/Set_J_TEST/review-295.txt,395,418,pork belly
datasets/Set_J_TEST/review-295.txt,464,486,Taiwanese
datasets/Set_J_TEST/review-295.txt,792,809,pork
datasets/Set_J_TEST/review-295.txt,847,864,rice
datasets/Set_J_TEST/review-295.txt,1054,1071,pork
datasets/Set_J_TEST/review-295.txt,1538,1562,Beef noodle
datasets/Set_J_TEST/review-295.txt,2063,2080,rice
datasets/Set_J_TEST/review-296.txt,1136,1157,egg roll
datasets/Set_J_TEST/review-296.txt,1161,1184,pork belly
datasets/Set_J_TEST/review-296.txt,3413,3430,tofu
datasets/Set_J_TEST/review-296.txt,3432,3467,Fried soft-shell clams
datasets/Set_J_TEST/review-296.txt,3802,3836,Fermented black beans
datasets/Set_J_TEST/review-296.txt,3876,3900,Fried clams
datasets/Set_J_TEST/review-296.txt,4147,4172,shrimp chips
datasets/Set_J_TEST/review-296.txt,4305,4331,chicken wings
datasets/Set_J_TEST/review-296.txt,4365,4392,smoked mussels
datasets/Set_J_TEST/review-296.txt,4581,4608,smoked oysters
datasets/Set_J_TEST/review-296.txt,5155,5184,fried pork chops
datasets/Set_J_TEST/review-296.txt,6040,6063,fried buns
datasets/Set_J_TEST/review-296.txt,6084,6113,chocolate mousse
datasets/Set_J_TEST/review-297.txt,1580,1610,deep-fried shrimp
datasets/Set_J_TEST/review-297.txt,1615,1637,black cod
datasets/Set_J_TEST/review-297.txt,1650,1674,dashi broth
datasets/Set_J_TEST/review-297.txt,1694,1724,chicken meatballs
datasets/Set_J_TEST/review-297.txt,1891,1920,hard-boiled eggs
datasets/Set_J_TEST/review-297.txt,2016,2033,rice
datasets/Set_J_TEST/review-297.txt,2091,2108,fish
datasets/Set_J_TEST/review-297.txt,2504,2524,noodles
datasets/Set_J_TEST/review-297.txt,3083,3100,rice
datasets/Set_J_TEST/review-297.txt,3517,3543,scrambled egg
datasets/Set_J_TEST/review-297.txt,3668,3691,Washu beef
datasets/Set_J_TEST/review-297.txt,3875,3892,tuna
datasets/Set_J_TEST/review-298.txt,125,144,shrimp
datasets/Set_J_TEST/review-298.txt,602,618,egg
datasets/Set_J_TEST/review-298.txt,711,727,egg
datasets/Set_J_TEST/review-298.txt,739,755,egg
datasets/Set_J_TEST/review-298.txt,801,824,fried eggs
datasets/Set_J_TEST/review-298.txt,917,940,pork belly
datasets/Set_J_TEST/review-298.txt,1150,1167,eggs
datasets/Set_J_TEST/review-298.txt,1590,1624,dry-cured serrano ham
datasets/Set_J_TEST/review-298.txt,1926,1946,chicken
datasets/Set_J_TEST/review-298.txt,2751,2774,pork belly
datasets/Set_J_TEST/review-298.txt,2779,2801,pork ribs
datasets/Set_J_TEST/review-299.txt,1621,1640,shrimp
datasets/Set_J_TEST/review-299.txt,1839,1865,chicken thigh
datasets/Set_J_TEST/review-299.txt,2802,2826,tomato stew
datasets/Set_J_TEST/review-299.txt,2985,3002,beef
datasets/Set_J_TEST/review-299.txt,3351,3374,pork belly
datasets/Set_J_TEST/review-300.txt,179,197,bacon
datasets/Set_J_TEST/review-300.txt,314,337,egg whites
datasets/Set_J_TEST/review-300.txt,591,623,fried chicken haute
datasets/Set_J_TEST/review-300.txt,1608,1625,Fish
datasets/Set_J_TEST/review-300.txt,1802,1829,mushroom stock
datasets/Set_J_TEST/review-300.txt,2177,2197,octopus
datasets/Set_J_TEST/review-300.txt,2228,2251,pork belly
datasets/Set_J_TEST/review-300.txt,2311,2331,octopus
datasets/Set_J_TEST/review-300.txt,2458,2485,pork and beans
datasets/Set_J_TEST/review-300.txt,2877,2899,pork chop
datasets/Set_J_TEST/review-301.txt,167,195,Yemen’s aseed
datasets/Set_J_TEST/review-301.txt,257,278,dumpling
datasets/Set_J_TEST/review-301.txt,286,307,porridge
datasets/Set_J_TEST/review-301.txt,2383,2403,haneeth
datasets/Set_J_TEST/review-301.txt,2412,2429,lamb
datasets/Set_J_TEST/review-301.txt,2491,2522,red glabah chicken
datasets/Set_J_TEST/review-301.txt,3215,3234,hummus
datasets/Set_J_TEST/review-301.txt,3244,3269,baba ghanouj
datasets/Set_J_TEST/review-301.txt,3318,3339,fassolia
datasets/Set_J_TEST/review-302.txt,286,308,pork ribs
datasets/Set_J_TEST/review-302.txt,2596,2616,oysters
datasets/Set_J_TEST/review-302.txt,2621,2639,clams
datasets/Set_J_TEST/review-302.txt,2641,2660,shrimp
datasets/Set_J_TEST/review-302.txt,3197,3222,pork sausage
datasets/Set_J_TEST/review-302.txt,3458,3487,salty rice fries
datasets/Set_J_TEST/review-302.txt,3523,3558,deep-fried rice noodle
datasets/Set_J_TEST/review-302.txt,3626,3656,roasted pork chop
datasets/Set_J_TEST/review-302.txt,4273,4301,spicy Iowa pork
datasets/Set_J_TEST/review-302.txt,4373,4399,fried chicken
datasets/Set_J_TEST/review-302.txt,4446,4472,pork shoulder
datasets/Set_J_TEST/review-302.txt,7226,7251,rice noodles
datasets/Set_J_TEST/review-303.txt,1389,1408,ajiaco
datasets/Set_J_TEST/review-303.txt,1839,1868,shredded chicken
datasets/Set_J_TEST/review-303.txt,2119,2147,Charred octopus
datasets/Set_J_TEST/review-303.txt,2162,2181,mezcal
datasets/Set_J_TEST/review-303.txt,2194,2224,swordfish ceviche
datasets/Set_J_TEST/review-303.txt,2651,2668,pork
datasets/Set_J_TEST/review-303.txt,2826,2850,duck breast
datasets/Set_J_TEST/review-303.txt,3018,3038,Picanha
datasets/Set_J_TEST/review-303.txt,3571,3598,chocolate cake
datasets/Set_J_TEST/review-303.txt,3680,3708,swollen churros
datasets/Set_J_TEST/review-304.txt,1423,1449,carrot purée
datasets/Set_J_TEST/review-304.txt,2261,2284,lamb belly
datasets/Set_J_TEST/review-304.txt,2940,2961,eggplant
datasets/Set_J_TEST/review-304.txt,3319,3354,smoked chickpea purée
datasets/Set_J_TEST/review-305.txt,116,152,fried cauliflower knobs
datasets/Set_J_TEST/review-305.txt,3129,3150,sandwich
datasets/Set_J_TEST/review-305.txt,3573,3593,lobster
datasets/Set_J_TEST/review-305.txt,3666,3686,lobster
datasets/Set_J_TEST/review-306.txt,456,481,fried shrimp
datasets/Set_J_TEST/review-306.txt,895,914,pastas
datasets/Set_J_TEST/review-306.txt,967,994,chicken dishes
datasets/Set_J_TEST/review-306.txt,1017,1041,Sysco fries
datasets/Set_J_TEST/review-306.txt,2035,2053,tacos
datasets/Set_J_TEST/review-306.txt,2058,2092,wood-oven quesadillas
datasets/Set_J_TEST/review-306.txt,2459,2486,tortilla chips
datasets/Set_J_TEST/review-306.txt,2813,2835,guacamole
datasets/Set_J_TEST/review-306.txt,3497,3521,quesadillas
datasets/Set_J_TEST/review-306.txt,3936,3954,Tacos
datasets/Set_J_TEST/review-306.txt,4386,4412,fried tilapia
datasets/Set_J_TEST/review-306.txt,5135,5153,tacos
datasets/Set_J_TEST/review-306.txt,5158,5182,quesadillas
datasets/Set_J_TEST/review-306.txt,6387,6406,shrimp
datasets/Set_J_TEST/review-306.txt,6408,6426,tacos
datasets/Set_J_TEST/review-306.txt,6428,6451,quesadilla
datasets/Set_J_TEST/review-307.txt,1335,1354,salads
datasets/Set_J_TEST/review-307.txt,2168,2204,beef-and-pork dumplings
datasets/Set_J_TEST/review-307.txt,3337,3356,salmon
datasets/Set_J_TEST/review-308.txt,1770,1790,Octopus
datasets/Set_J_TEST/review-308.txt,1795,1815,chorizo
datasets/Set_J_TEST/review-308.txt,1870,1892,chickpeas
datasets/Set_J_TEST/review-308.txt,2138,2160,spaghetti
datasets/Set_J_TEST/review-308.txt,2317,2340,tortellini
datasets/Set_J_TEST/review-308.txt,2498,2522,wobbly yolk
datasets/Set_J_TEST/review-308.txt,3519,3540,desserts
datasets/Set_J_TEST/review-309.txt,1436,1455,potato
datasets/Set_J_TEST/review-309.txt,1478,1499,duck fat
datasets/Set_J_TEST/review-309.txt,1578,1597,burger
datasets/Set_J_TEST/review-309.txt,1614,1632,bacon
datasets/Set_J_TEST/review-309.txt,1642,1665,Scotch egg
datasets/Set_J_TEST/review-309.txt,1827,1843,egg
datasets/Set_J_TEST/review-309.txt,1866,1886,chicken
datasets/Set_J_TEST/review-309.txt,2410,2445,beet-and-walnut hummus
datasets/Set_J_TEST/review-309.txt,2487,2518,Romanesco broccoli
datasets/Set_J_TEST/review-309.txt,3115,3136,fish pie
datasets/Set_J_TEST/review-309.txt,3761,3797,chocolate bread pudding
datasets/Set_J_TEST/review-310.txt,219,244,corn muffins
datasets/Set_J_TEST/review-310.txt,276,296,waffles
datasets/Set_J_TEST/review-310.txt,337,354,fish
datasets/Set_J_TEST/review-310.txt,873,893,chicken
datasets/Set_J_TEST/review-310.txt,1358,1395,chopped hard-boiled eggs
datasets/Set_J_TEST/review-310.txt,1556,1576,chicken
datasets/Set_J_TEST/review-310.txt,1761,1789,smoking chicken
datasets/Set_J_TEST/review-310.txt,2019,2039,chicken
datasets/Set_J_TEST/review-310.txt,2774,2792,tacos
datasets/Set_J_TEST/review-310.txt,2929,2954,jumbo shrimp
datasets/Set_J_TEST/review-310.txt,2999,3025,fried chicken
datasets/Set_J_TEST/review-311.txt,865,894,pork-stock jelly
datasets/Set_J_TEST/review-311.txt,1353,1385,briny pork and crab
datasets/Set_J_TEST/review-311.txt,1832,1854,pork nubs
datasets/Set_J_TEST/review-311.txt,2034,2058,noodle soup
datasets/Set_J_TEST/review-311.txt,2084,2110,fried chicken
datasets/Set_J_TEST/review-311.txt,2152,2172,noodles
datasets/Set_J_TEST/review-311.txt,2693,2716,salted egg
datasets/Set_J_TEST/review-311.txt,2753,2788,salt-and-pepper shrimp
datasets/Set_J_TEST/review-312.txt,810,834,red cabbage
datasets/Set_J_TEST/review-313.txt,3739,3766,golden raisins
datasets/Set_J_TEST/review-313.txt,3771,3793,pine nuts
datasets/Set_J_TEST/review-313.txt,4004,4024,octopus
datasets/Set_J_TEST/review-314.txt,1663,1695,half-collapsed pork
datasets/Set_J_TEST/review-314.txt,1776,1803,Chinese burger
datasets/Set_J_TEST/review-314.txt,1930,1950,noodles
datasets/Set_J_TEST/review-314.txt,2391,2411,noodles
datasets/Set_J_TEST/review-314.txt,3070,3097,Qishan noodles
datasets/Set_J_TEST/review-314.txt,3640,3660,cabbage
datasets/Set_J_TEST/review-315.txt,5847,5880,Grilled sweet shrimp
